Model,RMSE,MAE,MAPE,95th Percentile Error
Neural Network,10.946659814795433,7.880590125570767,0.3317268347299583,18.489239999999995
Linear Regression,2414.4005591527653,48.66444099459497,2.04268218861801,23.715579785410274
XGBoost,11.563628570682054,7.794359680365297,0.3285080944717411,21.47771499999992
