{
    "Train MSE": 0.009774885792285203,
    "Val MSE": 0.008343814825639128,
    "Train MAE": 0.07695785909891129,
    "Val MAE": 0.07217735052108765,
    "Train MAPE": 0.4380790591239929,
    "Val MAPE": 0.4298534393310547,
    "Train 95th Percentile Error": 0.18987877152860158,
    "Val 95th Percentile Error": 0.16760670997202395
}